Crocus,data/jpg/image_0381.jpg
Crocus,data/jpg/image_0373.jpg
Bluebell,data/jpg/image_0259.jpg
Sunflower,data/jpg/image_0794.jpg
Bluebell,data/jpg/image_0305.jpg
Windflower,data/jpg/image_1215.jpg
Iris,data/jpg/image_0411.jpg
Pansy,data/jpg/image_1314.jpg
Fritillary,data/jpg/image_0717.jpg
Tulip,data/jpg/image_0043.jpg
LilyValley,data/jpg/image_0209.jpg
Dandelion,data/jpg/image_0998.jpg
Dandelion,data/jpg/image_0963.jpg
Tigerlily,data/jpg/image_0491.jpg
Daffodil,data/jpg/image_0597.jpg
ColtsFoot,data/jpg/image_0908.jpg
Tigerlily,data/jpg/image_0516.jpg
Bluebell,data/jpg/image_0286.jpg
Cowslip,data/jpg/image_1104.jpg
Tulip,data/jpg/image_0072.jpg
Daffodil,data/jpg/image_0562.jpg
LilyValley,data/jpg/image_0180.jpg
Sunflower,data/jpg/image_0791.jpg
Windflower,data/jpg/image_1272.jpg
Tigerlily,data/jpg/image_0494.jpg
Snowdrop,data/jpg/image_0117.jpg
Bluebell,data/jpg/image_0294.jpg
Tulip,data/jpg/image_0077.jpg
Tulip,data/jpg/image_0049.jpg
Sunflower,data/jpg/image_0741.jpg
Buttercup,data/jpg/image_1121.jpg
Daisy,data/jpg/image_0867.jpg
Crocus,data/jpg/image_0333.jpg
Daffodil,data/jpg/image_0577.jpg
Daffodil,data/jpg/image_0623.jpg
Daffodil,data/jpg/image_0565.jpg
Daisy,data/jpg/image_0878.jpg
Daisy,data/jpg/image_0824.jpg
Iris,data/jpg/image_0410.jpg
Daffodil,data/jpg/image_0637.jpg
Pansy,data/jpg/image_1353.jpg
Dandelion,data/jpg/image_0966.jpg
Bluebell,data/jpg/image_0289.jpg
Daffodil,data/jpg/image_0631.jpg
Tigerlily,data/jpg/image_0525.jpg
Snowdrop,data/jpg/image_0158.jpg
Crocus,data/jpg/image_0338.jpg
Pansy,data/jpg/image_1284.jpg
Tigerlily,data/jpg/image_0497.jpg
Tulip,data/jpg/image_0047.jpg
ColtsFoot,data/jpg/image_0934.jpg
Iris,data/jpg/image_0463.jpg
Daisy,data/jpg/image_0821.jpg
Daisy,data/jpg/image_0832.jpg
Iris,data/jpg/image_0440.jpg
LilyValley,data/jpg/image_0178.jpg
Daffodil,data/jpg/image_0571.jpg
Cowslip,data/jpg/image_1093.jpg
Iris,data/jpg/image_0425.jpg
Crocus,data/jpg/image_0326.jpg
Dandelion,data/jpg/image_0970.jpg
Fritillary,data/jpg/image_0665.jpg
Crocus,data/jpg/image_0351.jpg
Iris,data/jpg/image_0448.jpg
Windflower,data/jpg/image_1276.jpg
Tulip,data/jpg/image_0018.jpg
Dandelion,data/jpg/image_0961.jpg
Cowslip,data/jpg/image_1053.jpg
ColtsFoot,data/jpg/image_0900.jpg
Daisy,data/jpg/image_0857.jpg
Windflower,data/jpg/image_1266.jpg
Crocus,data/jpg/image_0346.jpg
ColtsFoot,data/jpg/image_0931.jpg
Bluebell,data/jpg/image_0314.jpg
Sunflower,data/jpg/image_0755.jpg
Daisy,data/jpg/image_0814.jpg
Iris,data/jpg/image_0452.jpg
LilyValley,data/jpg/image_0171.jpg
Fritillary,data/jpg/image_0700.jpg
Pansy,data/jpg/image_1359.jpg
Snowdrop,data/jpg/image_0134.jpg
Buttercup,data/jpg/image_1149.jpg
Cowslip,data/jpg/image_1084.jpg
Tulip,data/jpg/image_0079.jpg
Cowslip,data/jpg/image_1062.jpg
Crocus,data/jpg/image_0347.jpg
Crocus,data/jpg/image_0397.jpg
Cowslip,data/jpg/image_1109.jpg
Crocus,data/jpg/image_0390.jpg
Crocus,data/jpg/image_0386.jpg
Cowslip,data/jpg/image_1075.jpg
Snowdrop,data/jpg/image_0120.jpg
Dandelion,data/jpg/image_1027.jpg
Buttercup,data/jpg/image_1167.jpg
LilyValley,data/jpg/image_0230.jpg
Buttercup,data/jpg/image_1150.jpg
Tulip,data/jpg/image_0022.jpg
Cowslip,data/jpg/image_1076.jpg
Sunflower,data/jpg/image_0767.jpg
ColtsFoot,data/jpg/image_0916.jpg
Bluebell,data/jpg/image_0251.jpg
Bluebell,data/jpg/image_0244.jpg
Dandelion,data/jpg/image_0991.jpg
Tulip,data/jpg/image_0036.jpg
Daffodil,data/jpg/image_0594.jpg
Fritillary,data/jpg/image_0672.jpg
Tigerlily,data/jpg/image_0508.jpg
Dandelion,data/jpg/image_1012.jpg
Daisy,data/jpg/image_0829.jpg
Cowslip,data/jpg/image_1098.jpg
Snowdrop,data/jpg/image_0110.jpg
Daisy,data/jpg/image_0806.jpg
Crocus,data/jpg/image_0380.jpg
Daffodil,data/jpg/image_0615.jpg
Daffodil,data/jpg/image_0605.jpg
Daffodil,data/jpg/image_0628.jpg
Fritillary,data/jpg/image_0661.jpg
Daffodil,data/jpg/image_0583.jpg
Sunflower,data/jpg/image_0724.jpg
LilyValley,data/jpg/image_0172.jpg
Fritillary,data/jpg/image_0678.jpg
LilyValley,data/jpg/image_0239.jpg
Fritillary,data/jpg/image_0701.jpg
ColtsFoot,data/jpg/image_0956.jpg
Buttercup,data/jpg/image_1137.jpg
Fritillary,data/jpg/image_0710.jpg
Pansy,data/jpg/image_1337.jpg
Crocus,data/jpg/image_0322.jpg
Snowdrop,data/jpg/image_0121.jpg
Windflower,data/jpg/image_1206.jpg
Snowdrop,data/jpg/image_0156.jpg
Windflower,data/jpg/image_1230.jpg
Daffodil,data/jpg/image_0625.jpg
Snowdrop,data/jpg/image_0139.jpg
Snowdrop,data/jpg/image_0126.jpg
Iris,data/jpg/image_0457.jpg
Tulip,data/jpg/image_0067.jpg
ColtsFoot,data/jpg/image_0954.jpg
ColtsFoot,data/jpg/image_0947.jpg
Sunflower,data/jpg/image_0781.jpg
Buttercup,data/jpg/image_1197.jpg
Daffodil,data/jpg/image_0627.jpg
Daffodil,data/jpg/image_0606.jpg
Pansy,data/jpg/image_1346.jpg
Buttercup,data/jpg/image_1124.jpg
LilyValley,data/jpg/image_0179.jpg
Windflower,data/jpg/image_1270.jpg
Iris,data/jpg/image_0416.jpg
Snowdrop,data/jpg/image_0101.jpg
ColtsFoot,data/jpg/image_0936.jpg
LilyValley,data/jpg/image_0220.jpg
Sunflower,data/jpg/image_0742.jpg
Crocus,data/jpg/image_0335.jpg
Snowdrop,data/jpg/image_0115.jpg
Fritillary,data/jpg/image_0682.jpg
Daisy,data/jpg/image_0834.jpg
LilyValley,data/jpg/image_0221.jpg
Crocus,data/jpg/image_0392.jpg
Windflower,data/jpg/image_1250.jpg
Bluebell,data/jpg/image_0310.jpg
Buttercup,data/jpg/image_1184.jpg
Windflower,data/jpg/image_1271.jpg
Tigerlily,data/jpg/image_0528.jpg
Daisy,data/jpg/image_0872.jpg
Bluebell,data/jpg/image_0246.jpg
Fritillary,data/jpg/image_0686.jpg
Tigerlily,data/jpg/image_0519.jpg
ColtsFoot,data/jpg/image_0938.jpg
Windflower,data/jpg/image_1204.jpg
Crocus,data/jpg/image_0395.jpg
Fritillary,data/jpg/image_0641.jpg
Snowdrop,data/jpg/image_0105.jpg
Daisy,data/jpg/image_0816.jpg
Cowslip,data/jpg/image_1081.jpg
Cowslip,data/jpg/image_1070.jpg
Sunflower,data/jpg/image_0721.jpg
Daisy,data/jpg/image_0815.jpg
Tulip,data/jpg/image_0052.jpg
Daffodil,data/jpg/image_0603.jpg
Crocus,data/jpg/image_0355.jpg
Windflower,data/jpg/image_1275.jpg
Iris,data/jpg/image_0461.jpg
Tulip,data/jpg/image_0023.jpg
Crocus,data/jpg/image_0375.jpg
Tigerlily,data/jpg/image_0539.jpg
LilyValley,data/jpg/image_0219.jpg
Daffodil,data/jpg/image_0586.jpg
ColtsFoot,data/jpg/image_0884.jpg
ColtsFoot,data/jpg/image_0906.jpg
Cowslip,data/jpg/image_1052.jpg
ColtsFoot,data/jpg/image_0945.jpg
Iris,data/jpg/image_0415.jpg
LilyValley,data/jpg/image_0206.jpg
Cowslip,data/jpg/image_1100.jpg
Tigerlily,data/jpg/image_0498.jpg
Tigerlily,data/jpg/image_0517.jpg
Fritillary,data/jpg/image_0703.jpg
Cowslip,data/jpg/image_1058.jpg
Fritillary,data/jpg/image_0677.jpg
Crocus,data/jpg/image_0376.jpg
LilyValley,data/jpg/image_0186.jpg
Iris,data/jpg/image_0405.jpg
Fritillary,data/jpg/image_0707.jpg
Buttercup,data/jpg/image_1176.jpg
Iris,data/jpg/image_0402.jpg
ColtsFoot,data/jpg/image_0921.jpg
Cowslip,data/jpg/image_1102.jpg
Iris,data/jpg/image_0442.jpg
Snowdrop,data/jpg/image_0133.jpg
Sunflower,data/jpg/image_0746.jpg
LilyValley,data/jpg/image_0174.jpg
Fritillary,data/jpg/image_0691.jpg
Daisy,data/jpg/image_0826.jpg
Daisy,data/jpg/image_0828.jpg
Iris,data/jpg/image_0429.jpg
Buttercup,data/jpg/image_1146.jpg
Dandelion,data/jpg/image_0984.jpg
Pansy,data/jpg/image_1340.jpg
Windflower,data/jpg/image_1279.jpg
Fritillary,data/jpg/image_0719.jpg
Bluebell,data/jpg/image_0283.jpg
Buttercup,data/jpg/image_1175.jpg
Snowdrop,data/jpg/image_0097.jpg
Dandelion,data/jpg/image_1028.jpg
Daffodil,data/jpg/image_0636.jpg
Sunflower,data/jpg/image_0739.jpg
Tigerlily,data/jpg/image_0500.jpg
Tulip,data/jpg/image_0075.jpg
Snowdrop,data/jpg/image_0090.jpg
Cowslip,data/jpg/image_1043.jpg
Fritillary,data/jpg/image_0692.jpg
Dandelion,data/jpg/image_0990.jpg
Tulip,data/jpg/image_0001.jpg
Tigerlily,data/jpg/image_0559.jpg
Fritillary,data/jpg/image_0684.jpg
Crocus,data/jpg/image_0393.jpg
Iris,data/jpg/image_0477.jpg
Windflower,data/jpg/image_1203.jpg
Tigerlily,data/jpg/image_0520.jpg
Snowdrop,data/jpg/image_0108.jpg
Crocus,data/jpg/image_0348.jpg
Buttercup,data/jpg/image_1141.jpg
Windflower,data/jpg/image_1238.jpg
LilyValley,data/jpg/image_0224.jpg
Pansy,data/jpg/image_1285.jpg
Crocus,data/jpg/image_0328.jpg
ColtsFoot,data/jpg/image_0935.jpg
Snowdrop,data/jpg/image_0103.jpg
Buttercup,data/jpg/image_1125.jpg
Daffodil,data/jpg/image_0621.jpg
Iris,data/jpg/image_0476.jpg
LilyValley,data/jpg/image_0214.jpg
Fritillary,data/jpg/image_0708.jpg
Snowdrop,data/jpg/image_0136.jpg
Daisy,data/jpg/image_0853.jpg
Bluebell,data/jpg/image_0247.jpg
Pansy,data/jpg/image_1342.jpg
Cowslip,data/jpg/image_1092.jpg
Windflower,data/jpg/image_1269.jpg
Cowslip,data/jpg/image_1071.jpg
Cowslip,data/jpg/image_1055.jpg
Buttercup,data/jpg/image_1136.jpg
Cowslip,data/jpg/image_1056.jpg
Cowslip,data/jpg/image_1045.jpg
Crocus,data/jpg/image_0366.jpg
Bluebell,data/jpg/image_0249.jpg
Sunflower,data/jpg/image_0737.jpg
Tulip,data/jpg/image_0027.jpg
Daisy,data/jpg/image_0837.jpg
Bluebell,data/jpg/image_0285.jpg
Iris,data/jpg/image_0418.jpg
Dandelion,data/jpg/image_0982.jpg
Fritillary,data/jpg/image_0681.jpg
Windflower,data/jpg/image_1218.jpg
Pansy,data/jpg/image_1282.jpg
Tulip,data/jpg/image_0004.jpg
Snowdrop,data/jpg/image_0135.jpg
Daisy,data/jpg/image_0838.jpg
Crocus,data/jpg/image_0356.jpg
Bluebell,data/jpg/image_0293.jpg
Fritillary,data/jpg/image_0699.jpg
Buttercup,data/jpg/image_1178.jpg
Buttercup,data/jpg/image_1157.jpg
Pansy,data/jpg/image_1311.jpg
Dandelion,data/jpg/image_0975.jpg
ColtsFoot,data/jpg/image_0898.jpg
Daisy,data/jpg/image_0827.jpg
LilyValley,data/jpg/image_0229.jpg
Cowslip,data/jpg/image_1115.jpg
Fritillary,data/jpg/image_0644.jpg
ColtsFoot,data/jpg/image_0940.jpg
LilyValley,data/jpg/image_0226.jpg
LilyValley,data/jpg/image_0227.jpg
Daisy,data/jpg/image_0843.jpg
Crocus,data/jpg/image_0370.jpg
Pansy,data/jpg/image_1296.jpg
Daisy,data/jpg/image_0845.jpg
Crocus,data/jpg/image_0340.jpg
Iris,data/jpg/image_0420.jpg
Buttercup,data/jpg/image_1164.jpg
Daffodil,data/jpg/image_0604.jpg
Windflower,data/jpg/image_1225.jpg
Bluebell,data/jpg/image_0266.jpg
Iris,data/jpg/image_0455.jpg
ColtsFoot,data/jpg/image_0917.jpg
ColtsFoot,data/jpg/image_0928.jpg
Tulip,data/jpg/image_0064.jpg
Buttercup,data/jpg/image_1169.jpg
Cowslip,data/jpg/image_1088.jpg
Crocus,data/jpg/image_0361.jpg
LilyValley,data/jpg/image_0238.jpg
Fritillary,data/jpg/image_0651.jpg
ColtsFoot,data/jpg/image_0944.jpg
Snowdrop,data/jpg/image_0113.jpg
Pansy,data/jpg/image_1339.jpg
Pansy,data/jpg/image_1288.jpg
Buttercup,data/jpg/image_1127.jpg
Tigerlily,data/jpg/image_0533.jpg
Daffodil,data/jpg/image_0578.jpg
Daisy,data/jpg/image_0811.jpg
Snowdrop,data/jpg/image_0127.jpg
Bluebell,data/jpg/image_0260.jpg
Buttercup,data/jpg/image_1143.jpg
Snowdrop,data/jpg/image_0149.jpg
Sunflower,data/jpg/image_0722.jpg
Cowslip,data/jpg/image_1077.jpg
Crocus,data/jpg/image_0377.jpg
Daisy,data/jpg/image_0852.jpg
ColtsFoot,data/jpg/image_0897.jpg
Fritillary,data/jpg/image_0695.jpg
Snowdrop,data/jpg/image_0138.jpg
Dandelion,data/jpg/image_1010.jpg
Cowslip,data/jpg/image_1096.jpg
Tulip,data/jpg/image_0008.jpg
Tigerlily,data/jpg/image_0503.jpg
Daisy,data/jpg/image_0855.jpg
ColtsFoot,data/jpg/image_0948.jpg
Daffodil,data/jpg/image_0632.jpg
Buttercup,data/jpg/image_1161.jpg
Crocus,data/jpg/image_0372.jpg
ColtsFoot,data/jpg/image_0930.jpg
Tulip,data/jpg/image_0030.jpg
Iris,data/jpg/image_0412.jpg
Iris,data/jpg/image_0408.jpg
Pansy,data/jpg/image_1325.jpg
Crocus,data/jpg/image_0358.jpg
Snowdrop,data/jpg/image_0154.jpg
Crocus,data/jpg/image_0344.jpg
Bluebell,data/jpg/image_0306.jpg
Windflower,data/jpg/image_1213.jpg
Daffodil,data/jpg/image_0613.jpg
Windflower,data/jpg/image_1244.jpg
Bluebell,data/jpg/image_0281.jpg
Buttercup,data/jpg/image_1162.jpg
Pansy,data/jpg/image_1316.jpg
Iris,data/jpg/image_0401.jpg
Iris,data/jpg/image_0469.jpg
Tigerlily,data/jpg/image_0505.jpg
Tigerlily,data/jpg/image_0535.jpg
Dandelion,data/jpg/image_1017.jpg
ColtsFoot,data/jpg/image_0904.jpg
Cowslip,data/jpg/image_1082.jpg
Tigerlily,data/jpg/image_0551.jpg
Pansy,data/jpg/image_1315.jpg
Cowslip,data/jpg/image_1101.jpg
ColtsFoot,data/jpg/image_0946.jpg
LilyValley,data/jpg/image_0164.jpg
Crocus,data/jpg/image_0337.jpg
Tulip,data/jpg/image_0060.jpg
Windflower,data/jpg/image_1267.jpg
Iris,data/jpg/image_0450.jpg
Daisy,data/jpg/image_0856.jpg
Cowslip,data/jpg/image_1063.jpg
Cowslip,data/jpg/image_1057.jpg
Windflower,data/jpg/image_1210.jpg
Iris,data/jpg/image_0438.jpg
Sunflower,data/jpg/image_0787.jpg
Daisy,data/jpg/image_0874.jpg
Windflower,data/jpg/image_1249.jpg
Daisy,data/jpg/image_0820.jpg
Dandelion,data/jpg/image_1007.jpg
Daffodil,data/jpg/image_0587.jpg
ColtsFoot,data/jpg/image_0942.jpg
Crocus,data/jpg/image_0349.jpg
Cowslip,data/jpg/image_1110.jpg
Dandelion,data/jpg/image_1029.jpg
Iris,data/jpg/image_0464.jpg
Windflower,data/jpg/image_1268.jpg
Fritillary,data/jpg/image_0654.jpg
Daffodil,data/jpg/image_0574.jpg
Fritillary,data/jpg/image_0648.jpg
Daffodil,data/jpg/image_0596.jpg
ColtsFoot,data/jpg/image_0891.jpg
Iris,data/jpg/image_0471.jpg
Daisy,data/jpg/image_0801.jpg
Bluebell,data/jpg/image_0282.jpg
ColtsFoot,data/jpg/image_0933.jpg
Sunflower,data/jpg/image_0733.jpg
Fritillary,data/jpg/image_0716.jpg
Daisy,data/jpg/image_0833.jpg
ColtsFoot,data/jpg/image_0952.jpg
Dandelion,data/jpg/image_1038.jpg
Iris,data/jpg/image_0456.jpg
Daffodil,data/jpg/image_0585.jpg
Snowdrop,data/jpg/image_0148.jpg
LilyValley,data/jpg/image_0161.jpg
Sunflower,data/jpg/image_0751.jpg
Daisy,data/jpg/image_0860.jpg
ColtsFoot,data/jpg/image_0953.jpg
Buttercup,data/jpg/image_1133.jpg
Daffodil,data/jpg/image_0629.jpg
Daffodil,data/jpg/image_0607.jpg
LilyValley,data/jpg/image_0165.jpg
Snowdrop,data/jpg/image_0107.jpg
Cowslip,data/jpg/image_1041.jpg
Daffodil,data/jpg/image_0618.jpg
Buttercup,data/jpg/image_1130.jpg
Crocus,data/jpg/image_0330.jpg
Tigerlily,data/jpg/image_0481.jpg
Tigerlily,data/jpg/image_0499.jpg
Windflower,data/jpg/image_1262.jpg
Snowdrop,data/jpg/image_0094.jpg
Daisy,data/jpg/image_0810.jpg
Iris,data/jpg/image_0434.jpg
Tulip,data/jpg/image_0044.jpg
Daisy,data/jpg/image_0861.jpg
Buttercup,data/jpg/image_1187.jpg
Dandelion,data/jpg/image_0968.jpg
Fritillary,data/jpg/image_0711.jpg
Pansy,data/jpg/image_1328.jpg
Pansy,data/jpg/image_1295.jpg
Sunflower,data/jpg/image_0766.jpg
ColtsFoot,data/jpg/image_0886.jpg
Tigerlily,data/jpg/image_0557.jpg
Pansy,data/jpg/image_1292.jpg
Tulip,data/jpg/image_0070.jpg
Tigerlily,data/jpg/image_0515.jpg
Tigerlily,data/jpg/image_0510.jpg
Crocus,data/jpg/image_0341.jpg
LilyValley,data/jpg/image_0222.jpg
Snowdrop,data/jpg/image_0147.jpg
Cowslip,data/jpg/image_1054.jpg
Daisy,data/jpg/image_0804.jpg
Tigerlily,data/jpg/image_0509.jpg
Windflower,data/jpg/image_1214.jpg
LilyValley,data/jpg/image_0177.jpg
Daisy,data/jpg/image_0805.jpg
LilyValley,data/jpg/image_0169.jpg
Windflower,data/jpg/image_1248.jpg
Windflower,data/jpg/image_1247.jpg
Snowdrop,data/jpg/image_0130.jpg
LilyValley,data/jpg/image_0190.jpg
Snowdrop,data/jpg/image_0137.jpg
Windflower,data/jpg/image_1233.jpg
ColtsFoot,data/jpg/image_0895.jpg
LilyValley,data/jpg/image_0198.jpg
Bluebell,data/jpg/image_0291.jpg
Tulip,data/jpg/image_0037.jpg
Sunflower,data/jpg/image_0768.jpg
LilyValley,data/jpg/image_0233.jpg
Fritillary,data/jpg/image_0646.jpg
Tulip,data/jpg/image_0034.jpg
Cowslip,data/jpg/image_1113.jpg
Pansy,data/jpg/image_1327.jpg
Cowslip,data/jpg/image_1069.jpg
Daisy,data/jpg/image_0866.jpg
Crocus,data/jpg/image_0342.jpg
Cowslip,data/jpg/image_1086.jpg
LilyValley,data/jpg/image_0200.jpg
Iris,data/jpg/image_0430.jpg
Pansy,data/jpg/image_1341.jpg
Daisy,data/jpg/image_0877.jpg
Sunflower,data/jpg/image_0731.jpg
ColtsFoot,data/jpg/image_0920.jpg
Bluebell,data/jpg/image_0298.jpg
Tulip,data/jpg/image_0074.jpg
Daisy,data/jpg/image_0808.jpg
Tigerlily,data/jpg/image_0548.jpg
ColtsFoot,data/jpg/image_0950.jpg
Windflower,data/jpg/image_1234.jpg
Daisy,data/jpg/image_0822.jpg
Fritillary,data/jpg/image_0664.jpg
Windflower,data/jpg/image_1221.jpg
Daffodil,data/jpg/image_0624.jpg
Buttercup,data/jpg/image_1163.jpg
LilyValley,data/jpg/image_0213.jpg
Dandelion,data/jpg/image_1036.jpg
Windflower,data/jpg/image_1232.jpg
Windflower,data/jpg/image_1259.jpg
Sunflower,data/jpg/image_0728.jpg
Fritillary,data/jpg/image_0702.jpg
Dandelion,data/jpg/image_1023.jpg
Pansy,data/jpg/image_1300.jpg
LilyValley,data/jpg/image_0235.jpg
Dandelion,data/jpg/image_1008.jpg
Dandelion,data/jpg/image_0979.jpg
Tulip,data/jpg/image_0068.jpg
Tulip,data/jpg/image_0025.jpg
LilyValley,data/jpg/image_0217.jpg
Daisy,data/jpg/image_0813.jpg
Sunflower,data/jpg/image_0736.jpg
Buttercup,data/jpg/image_1154.jpg
Snowdrop,data/jpg/image_0112.jpg
LilyValley,data/jpg/image_0167.jpg
Pansy,data/jpg/image_1298.jpg
LilyValley,data/jpg/image_0208.jpg
Bluebell,data/jpg/image_0275.jpg
Tulip,data/jpg/image_0042.jpg
Daffodil,data/jpg/image_0592.jpg
Windflower,data/jpg/image_1280.jpg
Tigerlily,data/jpg/image_0526.jpg
Bluebell,data/jpg/image_0288.jpg
Iris,data/jpg/image_0470.jpg
Snowdrop,data/jpg/image_0122.jpg
Pansy,data/jpg/image_1356.jpg
ColtsFoot,data/jpg/image_0929.jpg
Fritillary,data/jpg/image_0674.jpg
Buttercup,data/jpg/image_1142.jpg
ColtsFoot,data/jpg/image_0887.jpg
ColtsFoot,data/jpg/image_0957.jpg
Tulip,data/jpg/image_0026.jpg
Buttercup,data/jpg/image_1135.jpg
Snowdrop,data/jpg/image_0150.jpg
ColtsFoot,data/jpg/image_0926.jpg
Buttercup,data/jpg/image_1177.jpg
Fritillary,data/jpg/image_0697.jpg
Daisy,data/jpg/image_0844.jpg
ColtsFoot,data/jpg/image_0890.jpg
Daffodil,data/jpg/image_0599.jpg
Dandelion,data/jpg/image_1021.jpg
Snowdrop,data/jpg/image_0140.jpg
Sunflower,data/jpg/image_0750.jpg
Dandelion,data/jpg/image_1005.jpg
Crocus,data/jpg/image_0324.jpg
LilyValley,data/jpg/image_0181.jpg
Iris,data/jpg/image_0451.jpg
Daffodil,data/jpg/image_0608.jpg
Cowslip,data/jpg/image_1044.jpg
Bluebell,data/jpg/image_0297.jpg
Snowdrop,data/jpg/image_0095.jpg
Windflower,data/jpg/image_1235.jpg
Daffodil,data/jpg/image_0638.jpg
Bluebell,data/jpg/image_0287.jpg
Tigerlily,data/jpg/image_0489.jpg
Iris,data/jpg/image_0445.jpg
Windflower,data/jpg/image_1209.jpg
Buttercup,data/jpg/image_1199.jpg
Bluebell,data/jpg/image_0276.jpg
Daisy,data/jpg/image_0807.jpg
Buttercup,data/jpg/image_1153.jpg
Windflower,data/jpg/image_1207.jpg
Tulip,data/jpg/image_0033.jpg
Cowslip,data/jpg/image_1105.jpg
Bluebell,data/jpg/image_0308.jpg
Sunflower,data/jpg/image_0771.jpg
Tulip,data/jpg/image_0012.jpg
Daisy,data/jpg/image_0873.jpg
Cowslip,data/jpg/image_1068.jpg
Snowdrop,data/jpg/image_0087.jpg
Sunflower,data/jpg/image_0779.jpg
Cowslip,data/jpg/image_1061.jpg
Pansy,data/jpg/image_1349.jpg
Cowslip,data/jpg/image_1083.jpg
Cowslip,data/jpg/image_1066.jpg
Sunflower,data/jpg/image_0783.jpg
Daffodil,data/jpg/image_0563.jpg
LilyValley,data/jpg/image_0210.jpg
Buttercup,data/jpg/image_1173.jpg
Sunflower,data/jpg/image_0740.jpg
Daffodil,data/jpg/image_0595.jpg
Snowdrop,data/jpg/image_0124.jpg
Sunflower,data/jpg/image_0735.jpg
ColtsFoot,data/jpg/image_0932.jpg
Snowdrop,data/jpg/image_0099.jpg
Crocus,data/jpg/image_0378.jpg
Snowdrop,data/jpg/image_0131.jpg
Tulip,data/jpg/image_0024.jpg
Windflower,data/jpg/image_1277.jpg
Tigerlily,data/jpg/image_0556.jpg
Crocus,data/jpg/image_0371.jpg
Crocus,data/jpg/image_0384.jpg
LilyValley,data/jpg/image_0202.jpg
ColtsFoot,data/jpg/image_0918.jpg
Crocus,data/jpg/image_0369.jpg
Dandelion,data/jpg/image_0974.jpg
Crocus,data/jpg/image_0388.jpg
Daisy,data/jpg/image_0817.jpg
Bluebell,data/jpg/image_0257.jpg
Windflower,data/jpg/image_1222.jpg
Cowslip,data/jpg/image_1120.jpg
LilyValley,data/jpg/image_0170.jpg
Daffodil,data/jpg/image_0561.jpg
Crocus,data/jpg/image_0374.jpg
ColtsFoot,data/jpg/image_0910.jpg
Fritillary,data/jpg/image_0720.jpg
Sunflower,data/jpg/image_0792.jpg
ColtsFoot,data/jpg/image_0955.jpg
Windflower,data/jpg/image_1252.jpg
Buttercup,data/jpg/image_1168.jpg
Windflower,data/jpg/image_1205.jpg
Daisy,data/jpg/image_0869.jpg
Dandelion,data/jpg/image_0973.jpg
Buttercup,data/jpg/image_1156.jpg
Pansy,data/jpg/image_1324.jpg
Cowslip,data/jpg/image_1072.jpg
Dandelion,data/jpg/image_0965.jpg
Sunflower,data/jpg/image_0775.jpg
Crocus,data/jpg/image_0325.jpg
LilyValley,data/jpg/image_0204.jpg
Snowdrop,data/jpg/image_0085.jpg
Daffodil,data/jpg/image_0634.jpg
ColtsFoot,data/jpg/image_0909.jpg
Daffodil,data/jpg/image_0612.jpg
Crocus,data/jpg/image_0399.jpg
Snowdrop,data/jpg/image_0092.jpg
Cowslip,data/jpg/image_1107.jpg
Iris,data/jpg/image_0431.jpg
Sunflower,data/jpg/image_0780.jpg
Buttercup,data/jpg/image_1144.jpg
Bluebell,data/jpg/image_0292.jpg
Tulip,data/jpg/image_0058.jpg
Bluebell,data/jpg/image_0258.jpg
ColtsFoot,data/jpg/image_0889.jpg
Pansy,data/jpg/image_1322.jpg
Cowslip,data/jpg/image_1067.jpg
Crocus,data/jpg/image_0389.jpg
Crocus,data/jpg/image_0336.jpg
Bluebell,data/jpg/image_0274.jpg
Sunflower,data/jpg/image_0757.jpg
Cowslip,data/jpg/image_1078.jpg
Pansy,data/jpg/image_1312.jpg
Snowdrop,data/jpg/image_0129.jpg
Daisy,data/jpg/image_0803.jpg
Tulip,data/jpg/image_0029.jpg
Windflower,data/jpg/image_1208.jpg
ColtsFoot,data/jpg/image_0883.jpg
Tigerlily,data/jpg/image_0511.jpg
Fritillary,data/jpg/image_0676.jpg
Snowdrop,data/jpg/image_0152.jpg
Bluebell,data/jpg/image_0245.jpg
Fritillary,data/jpg/image_0715.jpg
Tigerlily,data/jpg/image_0544.jpg
Tigerlily,data/jpg/image_0545.jpg
Daffodil,data/jpg/image_0640.jpg
Fritillary,data/jpg/image_0698.jpg
Pansy,data/jpg/image_1290.jpg
Pansy,data/jpg/image_1313.jpg
Iris,data/jpg/image_0424.jpg
ColtsFoot,data/jpg/image_0911.jpg
Buttercup,data/jpg/image_1172.jpg
Fritillary,data/jpg/image_0660.jpg
Sunflower,data/jpg/image_0798.jpg
Pansy,data/jpg/image_1338.jpg
Windflower,data/jpg/image_1202.jpg
Snowdrop,data/jpg/image_0100.jpg
Daisy,data/jpg/image_0851.jpg
Iris,data/jpg/image_0449.jpg
Sunflower,data/jpg/image_0756.jpg
Dandelion,data/jpg/image_0977.jpg
Snowdrop,data/jpg/image_0116.jpg
Sunflower,data/jpg/image_0778.jpg
Tulip,data/jpg/image_0073.jpg
Daisy,data/jpg/image_0846.jpg
Tigerlily,data/jpg/image_0538.jpg
Daisy,data/jpg/image_0850.jpg
LilyValley,data/jpg/image_0175.jpg
Snowdrop,data/jpg/image_0088.jpg
Tigerlily,data/jpg/image_0552.jpg
Fritillary,data/jpg/image_0706.jpg
Bluebell,data/jpg/image_0315.jpg
Daffodil,data/jpg/image_0601.jpg
Cowslip,data/jpg/image_1095.jpg
Daffodil,data/jpg/image_0600.jpg
Bluebell,data/jpg/image_0278.jpg
Dandelion,data/jpg/image_1034.jpg
Sunflower,data/jpg/image_0764.jpg
Daisy,data/jpg/image_0836.jpg
Windflower,data/jpg/image_1217.jpg
Tigerlily,data/jpg/image_0560.jpg
Fritillary,data/jpg/image_0685.jpg
